Questions,Bots
What was our customer acquisition cost last quarter?, Customer Database Search
Who is in charge of employee onboarding?, Organizational Information
What are the latest developments in renewable energy?, Internet Search
Can you provide a list of customers who haven't made a purchase in 6 months?, Customer Database Search
What's the procedure for requesting time off?, Organizational Information
Find the top-rated restaurants in my city., Internet Search
What's the average customer lifetime value for our premium subscribers?, Customer Database Search
Who handles international business partnerships?, Organizational Information
What are the best-selling books on personal finance?, Internet Search
How many new product features were implemented based on customer feedback?, Customer Database Search
What's the schedule for the next company-wide meeting?, Organizational Information
What are the trending topics in cybersecurity?, Internet Search
Can you segment our customers based on their purchasing behavior?, Customer Database Search
Who is responsible for maintaining our company intranet?, Organizational Information
What are the most popular workout routines this year?, Internet Search
What percentage of our customers use our mobile app?, Customer Database Search
How do I submit a proposal for a new project?, Organizational Information
What are the top-rated noise-cancelling headphones?, Internet Search
What's the customer satisfaction rate for our new product line?, Customer Database Search
Who should I contact about updating my benefits package?, Organizational Information
What are the latest trends in sustainable fashion?, Internet Search
How many customers upgraded their subscription in the last month?, Customer Database Search
What's the process for reporting a workplace safety concern?, Organizational Information
Find reviews for the best online learning platforms., Internet Search
What's the most common reason for customer support calls?, Customer Database Search
Who is in charge of our diversity and inclusion initiatives?, Organizational Information
What are the top-selling smart home devices?, Internet Search
Can you provide a breakdown of sales by region?, Customer Database Search
What's the policy on remote work equipment reimbursement?, Organizational Information
What are the latest advancements in virtual reality technology?, Internet Search
What's the average response time for customer support tickets?, Customer Database Search
Who oversees our company's charitable giving programs?, Organizational Information
What are the most popular destinations for eco-tourism?, Internet Search
How many customers have opted in for our loyalty program?, Customer Database Search
What's the process for submitting a patent application?, Organizational Information
What are the trending home decor styles this season?, Internet Search
Can you provide insights on customer behavior during our last promotional event?, Customer Database Search
Who is responsible for maintaining our company's knowledge base?, Organizational Information
What are the best apps for productivity and time management?, Internet Search
What's the conversion rate from free trial to paid subscription?, Customer Database Search
How do I access the company's professional development resources?, Organizational Information
What are the latest breakthroughs in cancer research?, Internet Search
What percentage of our customers are using our premium features?, Customer Database Search
Who should I contact about equipment maintenance issues?, Organizational Information
What are the top-rated electric vehicles in terms of range?, Internet Search
Can you provide a list of customers who've referred new clients to us?, Customer Database Search
What's the protocol for reporting a potential data breach?, Organizational Information
What are the most popular plant-based meat alternatives?, Internet Search
What's the average time spent by customers on our website?, Customer Database Search
Who is responsible for coordinating cross-departmental projects?, Organizational Information
What's the ROI on our latest marketing campaign?, Customer Database Search
Who approves budget requests for team-building activities?, Organizational Information
What are the emerging trends in artificial intelligence?, Internet Search
How many customers have we retained year-over-year?, Customer Database Search
What's the process for requesting a lateral move within the company?, Organizational Information
Find the best-rated ergonomic office chairs., Internet Search
What's the customer sentiment regarding our recent price changes?, Customer Database Search
Who handles our company's social media presence?, Organizational Information
What are the most effective natural remedies for insomnia?, Internet Search
Can you provide a list of our top 20 customers by revenue?, Customer Database Search
What's the policy on employee referral bonuses?, Organizational Information
What are the latest innovations in renewable energy storage?, Internet Search
What's the average customer acquisition cost for each product line?, Customer Database Search
Who should I contact about updating my emergency contact information?, Organizational Information
What are the top-rated meditation apps?, Internet Search
How many customers have switched from competitors to our service this quarter?, Customer Database Search
What's the procedure for requesting additional team resources?, Organizational Information
What are the current trends in digital marketing?, Internet Search
Can you provide a breakdown of customer complaints by category?, Customer Database Search
Who is responsible for organizing company retreats?, Organizational Information
What are the best-selling educational toys for preschoolers?, Internet Search
What's the average time it takes for a new customer to make a second purchase?, Customer Database Search
How do I submit a suggestion for improving internal processes?, Organizational Information
What are the latest advancements in 5G technology?, Internet Search
What percentage of our customers use multiple products or services?, Customer Database Search
Who oversees the company's mentorship program?, Organizational Information
What are the top-rated wireless earbuds for workouts?, Internet Search
Can you provide insights on customer preferences for product features?, Customer Database Search
What's the policy on flex time and alternative work schedules?, Organizational Information
What are the emerging trends in sustainable packaging?, Internet Search
How many customers have upgraded to our premium service tier this year?, Customer Database Search
Who is in charge of our company's wellness initiatives?, Organizational Information
What are the best online courses for learning data science?, Internet Search
What's the average customer spend in their first year with us?, Customer Database Search
How do I request access to additional software licenses?, Organizational Information
What are the latest developments in autonomous vehicle technology?, Internet Search
Can you segment our customer base by industry vertical?, Customer Database Search
Who should I contact about setting up a 401(k) contribution?, Organizational Information
What are the top-rated air purifiers for allergy sufferers?, Internet Search
What's the customer retention rate for our enterprise clients?, Customer Database Search
What's the process for submitting a new product idea?, Organizational Information
What are the current trends in sustainable tourism?, Internet Search
How many customers have participated in our beta testing program?, Customer Database Search
Who manages our company's relationship with key vendors?, Organizational Information
What are the best productivity tools for remote teams?, Internet Search
Can you provide a list of customers who've given us a perfect satisfaction score?, Customer Database Search
What's the policy on professional certification reimbursement?, Organizational Information
What are the latest innovations in wearable health technology?, Internet Search
What's the average number of support interactions per customer?, Customer Database Search
Who is responsible for maintaining our company's style guide?, Organizational Information
What's the customer churn rate for our SaaS product?, Customer Database Search
Who oversees our company's sustainability initiatives?, Organizational Information
What are the latest trends in cloud computing?, Internet Search
Can you provide a breakdown of customer demographics by age group?, Customer Database Search
What's the process for requesting a standing desk?, Organizational Information
Find the best-rated travel luggage for international flights., Internet Search
What percentage of our customers use our API integrations?, Customer Database Search
Who handles intellectual property rights for our company?, Organizational Information
What are the most effective natural supplements for stress relief?, Internet Search
How many customers have we gained through referral programs?, Customer Database Search
What's the policy on sabbatical leave?, Organizational Information
What are the emerging trends in biotechnology?, Internet Search
Can you segment our customers based on their support ticket frequency?, Customer Database Search
Who is responsible for organizing team-building activities?, Organizational Information
What are the top-rated budgeting apps for personal finance?, Internet Search
What's the average time to resolve a customer complaint?, Customer Database Search
How do I access our company's library of training materials?, Organizational Information
What are the latest advancements in quantum computing?, Internet Search
What percentage of our customers are international?, Customer Database Search
Who should I contact about updating my tax withholding information?, Organizational Information
What are the best online platforms for learning a new language?, Internet Search
Can you provide a list of customers who've been with us for over 5 years?, Customer Database Search
What's the process for requesting a transfer to another department?, Organizational Information
What are the current trends in content marketing?, Internet Search
How many customers have downloaded our mobile app this month?, Customer Database Search
Who manages our company's relationship with insurance providers?, Organizational Information
What are the top-rated smart thermostats for energy efficiency?, Internet Search
What's the average customer spend during holiday promotions?, Customer Database Search
How do I submit a request for additional monitor?, Organizational Information
What are the latest developments in gene editing technology?, Internet Search
Can you provide insights on customer behavior across different devices?, Customer Database Search
Who is in charge of our company's disaster recovery plan?, Organizational Information
What are the best ergonomic keyboards for preventing wrist strain?, Internet Search
What percentage of our customers use our self-service portal?, Customer Database Search
What's the policy on attending industry conferences?, Organizational Information
What are the emerging trends in augmented reality?, Internet Search
How many customers have we lost to competitors this quarter?, Customer Database Search
Who oversees the company's internship program?, Organizational Information
What are the top-rated meal kit delivery services?, Internet Search
Can you provide a breakdown of customer support issues by product?, Customer Database Search
What's the process for submitting a workplace harassment complaint?, Organizational Information
What are the latest innovations in solar panel technology?, Internet Search
What's the average time between a customer's first and second purchase?, Customer Database Search
Who is responsible for maintaining our company's org chart?, Organizational Information
What are the best apps for tracking fitness and nutrition?, Internet Search
How many customers have opted for paperless billing?, Customer Database Search
What's the policy on employee stock purchase programs?, Organizational Information
What are the current trends in blockchain technology?, Internet Search
Can you segment our customers based on their preferred communication channel?, Customer Database Search
Who should I contact about updating my direct deposit information?, Organizational Information
What are the top-rated wireless security cameras for home use?, Internet Search
What's the customer satisfaction rate for our new feature rollout?, Customer Database Search
How do I request access to restricted company data?, Organizational Information
What are the latest advancements in machine learning?, Internet Search
What percentage of our customers use multiple product lines?, Customer Database Search
Who manages our company's relationship with local universities?, Organizational Information
What are the best online resources for learning graphic design?, Internet Search
Can you provide a list of customers who've increased their spending by 50% or more?, Customer Database Search
What's the process for submitting a travel expense report?, Organizational Information
What are the emerging trends in voice recognition technology?, Internet Search
How many customers have participated in our user research studies?, Customer Database Search
Who is responsible for maintaining our company's asset inventory?, Organizational Information
What are the top-rated noise machines for better sleep?, Internet Search
What's the average customer lifetime value across different segments?, Customer Database Search
How do I sign up for the company's mentorship program?, Organizational Information
What are the latest developments in battery technology?, Internet Search
Can you provide insights on customer preferences for delivery options?, Customer Database Search
Who oversees our company's employee recognition program?, Organizational Information
What are the best online courses for learning web development?, Internet Search
What percentage of our customers engage with our email newsletters?, Customer Database Search
What's the policy on parental leave?, Organizational Information
What are the current trends in eco-friendly packaging?, Internet Search
How many customers have we acquired through partnerships?, Customer Database Search
Who should I contact about setting up a flexible spending account?, Organizational Information
What are the top-rated electric toothbrushes?, Internet Search
Can you provide a breakdown of customer feedback by product feature?, Customer Database Search
What's the process for requesting a company-sponsored certification?, Organizational Information
What are the latest advancements in 3D printing technology?, Internet Search
What's the average response rate to our customer surveys?, Customer Database Search
Who is in charge of our company's corporate social responsibility initiatives?, Organizational Information
What are the best productivity tools for project management?, Internet Search
How many customers have upgraded from a basic to a premium plan this year?, Customer Database Search
What's the policy on remote work for international employees?, Organizational Information
What are the emerging trends in personalized medicine?, Internet Search
Can you segment our customers based on their social media engagement?, Customer Database Search
Who manages our company's relationship with government agencies?, Organizational Information
What are the top-rated wireless routers for home offices?, Internet Search
What's the customer retention rate for our mobile app users?, Customer Database Search
How do I request a change in my work schedule?, Organizational Information
What are the latest innovations in renewable energy?, Internet Search
Can you provide a list of customers who've referred the most new business?, Customer Database Search
What's the process for reporting a potential compliance violation?, Organizational Information
What are the current trends in user interface design?, Internet Search
How many customers have contacted support about our new feature?, Customer Database Search
Who is responsible for coordinating our company's volunteer programs?, Organizational Information
What are the best online platforms for freelance work?, Internet Search
What's the average time customers spend in our sales funnel?, Customer Database Search
How do I access the company's employee assistance program?, Organizational Information
What are the latest developments in virtual and augmented reality?, Internet Search
Can you provide insights on customer behavior during flash sales?, Customer Database Search
What's the Net Promoter Score for our flagship product?, Customer Database Search
Who oversees our company's data privacy compliance?, Organizational Information
What are the latest trends in digital transformation?, Internet Search
Can you provide a breakdown of customer acquisition by marketing channel?, Customer Database Search
What's the process for requesting a ergonomic assessment of my workspace?, Organizational Information
Find the best-rated noise-cancelling headphones for office use., Internet Search
What percentage of our customers use our knowledge base for self-service?, Customer Database Search
Who handles negotiations with our major suppliers?, Organizational Information
What are the most effective natural remedies for boosting immunity?, Internet Search
How many customers have we retained after their initial contract period?, Customer Database Search
What's the policy on professional development reimbursement?, Organizational Information
What are the emerging trends in edge computing?, Internet Search
Can you segment our customers based on their feature usage patterns?, Customer Database Search
Who is responsible for maintaining our company's crisis management plan?, Organizational Information
What are the top-rated standing desks for home offices?, Internet Search
What's the average time to first response for customer inquiries?, Customer Database Search
How do I request access to our company's VPN?, Organizational Information
What are the latest advancements in natural language processing?, Internet Search
What percentage of our customers are on annual contracts vs. monthly?, Customer Database Search
Who should I contact about updating my health insurance beneficiaries?, Organizational Information
What are the best online platforms for virtual team building activities?, Internet Search
Can you provide a list of customers who've never opened a support ticket?, Customer Database Search
What's the process for submitting a new vendor for approval?, Organizational Information
What are the current trends in influencer marketing?, Internet Search
How many customers have enabled two-factor authentication?, Customer Database Search
Who manages our company's relationship with external auditors?, Organizational Information
What are the top-rated air fryers for healthy cooking?, Internet Search
What's the average revenue per user (ARPU) for our enterprise customers?, Customer Database Search
How do I submit a request for a custom email signature?, Organizational Information
What are the latest developments in autonomous drone technology?, Internet Search
Can you provide insights on customer preferences for payment methods?, Customer Database Search
Who is in charge of our company's employee health and wellness programs?, Organizational Information
What are the best tools for creating infographics?, Internet Search
What percentage of our customers use our product's advanced features?, Customer Database Search
What's the policy on employee sabbaticals?, Organizational Information
What are the emerging trends in Internet of Things (IoT)?, Internet Search
How many customers have we migrated from legacy systems this year?, Customer Database Search
Who oversees the company's external communications strategy?, Organizational Information
What are the top-rated ergonomic mice for preventing hand strain?, Internet Search
Can you provide a breakdown of customer support tickets by urgency level?, Customer Database Search
What's the process for requesting a company car or transportation allowance?, Organizational Information
What are the latest innovations in biometric authentication?, Internet Search
What's the average customer spend in their first 90 days?, Customer Database Search
Who is responsible for maintaining our company's emergency contact list?, Organizational Information
What are the best apps for managing work-life balance?, Internet Search
How many customers have participated in our product beta tests?, Customer Database Search
What's the policy on tuition reimbursement for job-related courses?, Organizational Information
What are the current trends in cybersecurity for small businesses?, Internet Search
Can you segment our customers based on their support channel preferences?, Customer Database Search
Who should I contact about setting up a health savings account (HSA)?, Organizational Information
What are the top-rated smart locks for home security?, Internet Search
What's the customer satisfaction rate for our onboarding process?, Customer Database Search
How do I request access to our company's project management software?, Organizational Information
What are the latest advancements in quantum cryptography?, Internet Search
What percentage of our customers have integrated our API with their systems?, Customer Database Search
Who manages our company's relationship with industry regulators?, Organizational Information
What are the best online resources for learning data visualization?, Internet Search
Can you provide a list of customers who've been most impacted by recent product changes?, Customer Database Search
What's the process for requesting a private office or dedicated workspace?, Organizational Information
What are the emerging trends in conversational AI?, Internet Search
How many customers have switched from annual to monthly billing (or vice versa)?, Customer Database Search
Who is responsible for maintaining our company's brand guidelines?, Organizational Information
What are the top-rated wireless earbuds for conference calls?, Internet Search
What's the average time to resolution for critical customer issues?, Customer Database Search
How do I sign up for the company's carpooling program?, Organizational Information
What are the latest developments in green energy technology?, Internet Search
Can you provide insights on customer behavior during our last webinar series?, Customer Database Search
Who oversees our company's internal audit processes?, Organizational Information
What are the best online courses for improving public speaking skills?, Internet Search
What percentage of our customers use our mobile app vs. desktop interface?, Customer Database Search
What's the policy on bereavement leave?, Organizational Information
What are the current trends in augmented reality for retail?, Internet Search
How many customers have we gained through word-of-mouth referrals?, Customer Database Search
Who should I contact about updating my emergency contact information?, Organizational Information
What are the top-rated smart speakers for home automation?, Internet Search
Can you provide a breakdown of customer churn reasons from exit surveys?, Customer Database Search
What's the process for submitting a suggestion for a new company benefit?, Organizational Information
What are the latest advancements in facial recognition technology?, Internet Search
What's the average number of products or services used per customer?, Customer Database Search
Who is in charge of our company's LGBTQ+ employee resource group?, Organizational Information
What are the best productivity tools for time tracking?, Internet Search
How many customers have increased their usage after attending our training sessions?, Customer Database Search
What's the policy on company-sponsored gym memberships?, Organizational Information
What are the emerging trends in zero-trust security architectures?, Internet Search
Can you segment our customers based on their lifetime value predictions?, Customer Database Search
Who manages our company's relationship with employee benefits providers?, Organizational Information
What are the top-rated laptop cooling pads for preventing overheating?, Internet Search
What's the customer retention rate for customers who've received personalized onboarding?, Customer Database Search
How do I request a change in my work location?, Organizational Information
What are the latest innovations in vertical farming technology?, Internet Search
Can you provide a list of customers who've consistently increased their usage month-over-month?, Customer Database Search
What's the process for reporting a potential insider trading concern?, Organizational Information
What are the current trends in microservices architecture?, Internet Search
How many customers have upgraded after using our free trial?, Customer Database Search
Who is responsible for coordinating our company's annual performance review process?, Organizational Information
What are the best online platforms for virtual conferences and events?, Internet Search
What's the average time customers spend using our product per session?, Customer Database Search
How do I access the company's employee discount program?, Organizational Information
What are the latest developments in brain-computer interfaces?, Internet Search
Can you provide insights on customer behavior across different geographic regions?, Customer Database Search
What's the customer satisfaction score for our technical support team?, Customer Database Search
Who oversees our company's information security policies?, Organizational Information
What are the latest trends in no-code development platforms?, Internet Search
Can you provide a breakdown of customer renewals by contract length?, Customer Database Search
What's the process for requesting a company-issued mobile device?, Organizational Information
Find the best-rated ergonomic chairs for home offices., Internet Search
What percentage of our customers have enabled all available product integrations?, Customer Database Search
Who handles our company's legal compliance for international operations?, Organizational Information
What are the most effective natural remedies for reducing anxiety?, Internet Search
How many customers have we upsold to premium features this quarter?, Customer Database Search
What's the policy on employee referral bonuses for new hires?, Organizational Information
What are the emerging trends in serverless computing?, Internet Search
Can you segment our customers based on their customer support history?, Customer Database Search
Who is responsible for maintaining our company's employee handbook?, Organizational Information
What are the top-rated blue light blocking glasses for computer use?, Internet Search
What's the average time to complete our customer onboarding process?, Customer Database Search
How do I request access to our company's cloud storage system?, Organizational Information
What are the latest advancements in speech recognition technology?, Internet Search
What percentage of our customers are using our product's mobile version?, Customer Database Search
Who should I contact about setting up a 529 college savings plan?, Organizational Information
What are the best online platforms for hosting webinars?, Internet Search
Can you provide a list of customers who've reported the most bugs or issues?, Customer Database Search
What's the process for submitting a request for a company-sponsored event?, Organizational Information
What are the current trends in customer experience management?, Internet Search
How many customers have we retained after a price increase?, Customer Database Search
Who manages our company's relationship with recruitment agencies?, Organizational Information
What are the top-rated portable chargers for business travelers?, Internet Search
What's the average revenue per customer for each product tier?, Customer Database Search
How do I submit a request for custom business cards?, Organizational Information
What are the latest developments in 6G wireless technology?, Internet Search
Can you provide insights on customer preferences for product packaging?, Customer Database Search
Who is in charge of our company's employee engagement initiatives?, Organizational Information
What are the best tools for creating animated explainer videos?, Internet Search
What percentage of our customers use our product daily vs. weekly?, Customer Database Search
What's the policy on personal days off?, Organizational Information
What are the emerging trends in edge AI?, Internet Search
How many customers have we reactivated from a dormant status this year?, Customer Database Search
Who oversees the company's corporate alumni network?, Organizational Information
What are the top-rated noise-cancelling microphones for podcasting?, Internet Search
Can you provide a breakdown of customer support tickets by resolution time?, Customer Database Search
What's the process for requesting a company credit card?, Organizational Information
What are the latest innovations in haptic feedback technology?, Internet Search
What's the average customer acquisition cost for each marketing channel?, Customer Database Search
Who is responsible for maintaining our company's internal wiki?, Organizational Information
What are the best apps for tracking and improving sleep quality?, Internet Search
How many customers have switched to our product from a competitor this month?, Customer Database Search
What's the policy on professional association membership reimbursements?, Organizational Information
What are the current trends in robotic process automation?, Internet Search
Can you segment our customers based on their feature adoption rates?, Customer Database Search
Who should I contact about setting up a commuter benefits program?, Organizational Information
What are the top-rated smart water bottles for tracking hydration?, Internet Search
What's the customer satisfaction rate for our new user interface?, Customer Database Search
How do I request access to our company's customer relationship management (CRM) system?, Organizational Information
What are the latest advancements in blockchain for supply chain management?, Internet Search
What percentage of our customers have completed our product certification program?, Customer Database Search
Who manages our company's relationship with external consultants?, Organizational Information
What are the best online resources for learning about artificial intelligence?, Internet Search
Can you provide a list of customers who've given us the most valuable product feedback?, Customer Database Search
What's the process for requesting a secondment to another department?, Organizational Information
What are the emerging trends in low-code development platforms?, Internet Search
How many customers have we gained through strategic partnerships?, Customer Database Search
Who is responsible for maintaining our company's social media policies?, Organizational Information
What are the top-rated wireless presentation remotes for public speaking?, Internet Search
What's the average time between a customer's demo request and their purchase?, Customer Database Search
How do I sign up for the company's employee stock option plan?, Organizational Information
What are the latest developments in quantum sensing technology?, Internet Search
Can you provide insights on customer behavior during our in-person events vs. virtual events?, Customer Database Search
Who oversees our company's workplace safety compliance?, Organizational Information
What are the best online courses for learning about digital marketing?, Internet Search
What percentage of our customers use our product on mobile devices vs. desktops?, Customer Database Search
What's the policy on paternity leave?, Organizational Information
What are the current trends in voice search optimization?, Internet Search
How many customers have we cross-sold additional products to this quarter?, Customer Database Search
Who should I contact about updating my life insurance beneficiaries?, Organizational Information
What are the top-rated wireless keyboards for improving productivity?, Internet Search
Can you provide a breakdown of customer support tickets by product module?, Customer Database Search
What's the process for submitting a workplace improvement suggestion?, Organizational Information
What are the latest advancements in computer vision technology?, Internet Search
What's the average number of support tickets raised per customer?, Customer Database Search
Who is in charge of our company's diversity and inclusion training programs?, Organizational Information
What are the best productivity tools for task management?, Internet Search
How many customers have upgraded their plan after attending our product webinars?, Customer Database Search
What's the policy on remote work equipment allowances?, Organizational Information
What are the emerging trends in predictive maintenance for IoT devices?, Internet Search
Can you segment our customers based on their industry vertical?, Customer Database Search
Who manages our company's relationship with employee wellness program providers?, Organizational Information
What are the top-rated portable monitors for dual-screen setups?, Internet Search
What's the customer retention rate for customers who've participated in our user groups?, Customer Database Search
How do I request a change in my reporting structure?, Organizational Information
What are the latest innovations in 3D bioprinting technology?, Internet Search
Can you provide a list of customers who've been most active in our online community?, Customer Database Search
What's the process for reporting a potential ethical violation?, Organizational Information
What are the current trends in progressive web applications?, Internet Search
How many customers have adopted our new features within the first month of release?, Customer Database Search
Who is responsible for coordinating our company's annual customer conference?, Organizational Information
What are the best online platforms for peer-to-peer mentoring?, Internet Search
What's the average time customers spend in each stage of our sales funnel?, Customer Database Search
How do I access the company's employee assistance program for mental health support?, Organizational Information
What are the latest developments in neuromorphic computing?, Internet Search
Can you provide insights on customer behavior during different times of the day or week?, Customer Database Search
What's the Net Promoter Score trend over the last 12 months?, Customer Database Search
Who oversees our company's environmental sustainability initiatives?, Organizational Information
What are the latest trends in low-code/no-code platforms?, Internet Search
Can you provide a breakdown of customer churn by product feature usage?, Customer Database Search
What's the process for requesting a standing desk converter?, Organizational Information
Find the best-rated wireless docking stations for laptops., Internet Search
What percentage of our customers have enabled account notifications?, Customer Database Search
Who handles our company's intellectual property registrations?, Organizational Information
What are the most effective natural remedies for improving focus and concentration?, Internet Search
How many customers have we retained after a major product update?, Customer Database Search
What's the policy on volunteering time off (VTO)?, Organizational Information
What are the emerging trends in quantum machine learning?, Internet Search
Can you segment our customers based on their customer service satisfaction scores?, Customer Database Search
Who is responsible for maintaining our company's succession planning?, Organizational Information
What are the top-rated ergonomic vertical mice?, Internet Search
What's the average time to resolution for billing-related customer inquiries?, Customer Database Search
How do I request access to our company's business intelligence tools?, Organizational Information
What are the latest advancements in brain-computer interfaces for accessibility?, Internet Search
What percentage of our customers are using our product's API?, Customer Database Search
Who should I contact about setting up a dependent care flexible spending account?, Organizational Information
What are the best online platforms for virtual product demonstrations?, Internet Search
Can you provide a list of customers who've been with us since our company's founding?, Customer Database Search
What's the process for submitting a proposal for a new employee resource group?, Organizational Information
What are the current trends in personalized video marketing?, Internet Search
How many customers have we acquired through employee referrals?, Customer Database Search
Who manages our company's relationship with industry analysts?, Organizational Information
What are the top-rated smartwatches for fitness tracking?, Internet Search
What's the average customer lifetime value for each customer segment?, Customer Database Search
How do I submit a request for custom company swag or promotional items?, Organizational Information
What are the latest developments in neuromorphic engineering?, Internet Search
Can you provide insights on customer preferences for self-service vs. assisted support?, Customer Database Search
Who is in charge of our company's employee recognition and rewards program?, Organizational Information
What are the best tools for creating interactive data visualizations?, Internet Search
What percentage of our customers use single sign-on (SSO) for authentication?, Customer Database Search
What's the policy on sabbaticals for long-term employees?, Organizational Information
What are the emerging trends in digital twin technology?, Internet Search
How many customers have we successfully migrated to our new platform?, Customer Database Search
Who oversees the company's employee resource allocation?, Organizational Information
What are the top-rated ultrawide monitors for productivity?, Internet Search
Can you provide a breakdown of customer support tickets by customer tenure?, Customer Database Search
What's the process for requesting a company-sponsored professional coach?, Organizational Information
What are the latest innovations in natural language generation?, Internet Search
What's the average customer spend in their second year compared to their first?, Customer Database Search
Who is responsible for maintaining our company's remote work policies?, Organizational Information
What are the best apps for managing digital wellbeing and screen time?, Internet Search
How many customers have participated in our customer advisory board?, Customer Database Search
What's the policy on continuing education credits for professional certifications?, Organizational Information
What are the current trends in explainable AI?, Internet Search
Can you segment our customers based on their Net Promoter Score responses?, Customer Database Search
Who should I contact about setting up a 401(k) loan?, Organizational Information
What are the top-rated noise-cancelling headphones for open office environments?, Internet Search
What's the customer satisfaction rate for our account management team?, Customer Database Search
How do I request access to our company's design software licenses?, Organizational Information
What are the latest advancements in quantum cryptography for secure communications?, Internet Search
What percentage of our customers have connected third-party apps to our platform?, Customer Database Search
Who manages our company's relationship with labor unions?, Organizational Information
What are the best online resources for learning about user experience design?, Internet Search
Can you provide a list of customers who've provided testimonials or case studies?, Customer Database Search
What's the process for requesting a flexible work arrangement?, Organizational Information
What are the emerging trends in human-robot collaboration?, Internet Search
How many customers have we re-engaged through our win-back campaigns?, Customer Database Search
Who is responsible for maintaining our company's knowledge management system?, Organizational Information
What are the top-rated ergonomic footrests for office use?, Internet Search
What's the average time to first value for new customers?, Customer Database Search
How do I sign up for the company's employee share purchase plan?, Organizational Information
What are the latest developments in photonic computing?, Internet Search
Can you provide insights on customer behavior during product trials vs. post-purchase?, Customer Database Search
Who oversees our company's corporate governance policies?, Organizational Information
What are the best online courses for learning about blockchain technology?, Internet Search
What percentage of our customers use our product's advanced reporting features?, Customer Database Search
What's the policy on compassionate leave?, Organizational Information
What are the current trends in hyper-automation?, Internet Search
How many customers have we acquired through account-based marketing?, Customer Database Search
Who should I contact about updating my skillset in the company's talent management system?, Organizational Information
What are the top-rated mechanical keyboards for programmers?, Internet Search
Can you provide a breakdown of customer feedback by product version?, Customer Database Search
What's the process for submitting a patent application for a work-related invention?, Organizational Information
What are the latest advancements in emotion AI?, Internet Search
What's the average number of users per customer account?, Customer Database Search
Who is in charge of our company's employee onboarding program?, Organizational Information
What are the best productivity tools for collaborative document editing?, Internet Search
How many customers have expanded their usage to multiple departments within their organization?, Customer Database Search
What's the policy on professional membership fees reimbursement?, Organizational Information
What are the emerging trends in edge computing for IoT devices?, Internet Search
Can you segment our customers based on their product usage patterns?, Customer Database Search
Who manages our company's relationship with external legal counsel?, Organizational Information
What are the top-rated smart pens for digital note-taking?, Internet Search
What's the customer retention rate for customers who've attended our user conference?, Customer Database Search
How do I request a change in my job title or description?, Organizational Information
What are the latest innovations in augmented reality for remote assistance?, Internet Search
Can you provide a list of customers who've been featured in our marketing materials?, Customer Database Search
What's the process for reporting a potential data breach?, Organizational Information
What are the current trends in privacy-enhancing computation?, Internet Search
How many customers have adopted our product's newest integration?, Customer Database Search
Who is responsible for coordinating our company's merger and acquisition activities?, Organizational Information
What are the best online platforms for virtual team-building exercises?, Internet Search
What's the average time customers spend engaging with our educational content?, Customer Database Search
How do I access the company's learning management system for professional development?, Organizational Information
What are the latest developments in brain-inspired computing?, Internet Search
Can you provide insights on customer behavior across different product tiers?, Customer Database Search